in:FiberCompositethickness,in:Steelthickness,out:cooling,out:heating,img
0.03,0,442781.755821,46366.820957,FiberCompositethickness_0.03_Steelthickness_0.png,
0.04,0,442781.755821,46366.820957,FiberCompositethickness_0.04_Steelthickness_0.png,
0.05,0,442781.755821,46366.820957,FiberCompositethickness_0.05_Steelthickness_0.png,
0.06,0,442781.755821,46366.820957,FiberCompositethickness_0.06_Steelthickness_0.png,
0.07,0,442781.755821,46366.820957,FiberCompositethickness_0.07_Steelthickness_0.png,
0.08,0,442781.755821,46366.820957,FiberCompositethickness_0.08_Steelthickness_0.png,
0.09,0,442781.755821,46366.820957,FiberCompositethickness_0.09_Steelthickness_0.png,
0.1,0,442781.755821,46366.820957,FiberCompositethickness_0.1_Steelthickness_0.png,
0.02,0.1,442611.276563,82821.476964,FiberCompositethickness_0.02_Steelthickness_0.1.png,
0.03,0.1,443222.990978,59580.772571,FiberCompositethickness_0.03_Steelthickness_0.1.png,
0.04,0.1,441850.753458,47871.846935,FiberCompositethickness_0.04_Steelthickness_0.1.png,
0.05,0.1,442360.266685,40864.218487,FiberCompositethickness_0.05_Steelthickness_0.1.png,
0.06,0.1,443108.339148,36061.829092,FiberCompositethickness_0.06_Steelthickness_0.1.png,
0.07,0.1,441527.308609,32768.205441,FiberCompositethickness_0.07_Steelthickness_0.1.png,
0.08,0.1,442014.656133,30229.12349,FiberCompositethickness_0.08_Steelthickness_0.1.png,
0.09,0.1,442659.235314,28254.467503,FiberCompositethickness_0.09_Steelthickness_0.1.png,
0.1,0.1,443083.103035,26684.615306,FiberCompositethickness_0.1_Steelthickness_0.1.png,
0.02,0.2,441575.132981,80641.110768,FiberCompositethickness_0.02_Steelthickness_0.2.png,
0.03,0.2,441926.257445,58222.948509,FiberCompositethickness_0.03_Steelthickness_0.2.png,
0.04,0.2,442866.655683,46937.653355,FiberCompositethickness_0.04_Steelthickness_0.2.png,
0.05,0.2,441165.617369,40166.256963,FiberCompositethickness_0.05_Steelthickness_0.2.png,
0.06,0.2,442025.777708,35481.700156,FiberCompositethickness_0.06_Steelthickness_0.2.png,
0.07,0.2,442497.319016,32228.812758,FiberCompositethickness_0.07_Steelthickness_0.2.png,
0.08,0.2,442897.939751,29675.820303,FiberCompositethickness_0.08_Steelthickness_0.2.png,
0.09,0.2,443130.815898,27742.283471,FiberCompositethickness_0.09_Steelthickness_0.2.png,
0.1,0.2,443326.350633,26248.295106,FiberCompositethickness_0.1_Steelthickness_0.2.png,
0.02,0.3,441537.714966,78763.242616,FiberCompositethickness_0.02_Steelthickness_0.3.png,
0.03,0.3,442536.968353,57219.998012,FiberCompositethickness_0.03_Steelthickness_0.3.png,
0.04,0.3,440750.885489,46193.460842,FiberCompositethickness_0.04_Steelthickness_0.3.png,
0.06,0.3,441963.753168,35047.524047,FiberCompositethickness_0.06_Steelthickness_0.3.png,
0.07,0.3,442284.992368,31703.144889,FiberCompositethickness_0.07_Steelthickness_0.3.png,
0.08,0.3,442373.757453,29261.034442,FiberCompositethickness_0.08_Steelthickness_0.3.png,
0.09,0.3,442434.076045,27375.768438,FiberCompositethickness_0.09_Steelthickness_0.3.png,
0.1,0.3,442425.542178,25890.878204,FiberCompositethickness_0.1_Steelthickness_0.3.png,
0.02,0.4,441939.462999,77214.287579,FiberCompositethickness_0.02_Steelthickness_0.4.png,
0.03,0.4,439960.843462,56304.544033,FiberCompositethickness_0.03_Steelthickness_0.4.png,
0.04,0.4,440717.113262,45497.805325,FiberCompositethickness_0.04_Steelthickness_0.4.png,
0.05,0.4,441159.457206,38912.133719,FiberCompositethickness_0.05_Steelthickness_0.4.png,
0.06,0.4,441340.756538,34524.323336,FiberCompositethickness_0.06_Steelthickness_0.4.png,
0.07,0.4,441293.584004,31328.070196,FiberCompositethickness_0.07_Steelthickness_0.4.png,
0.08,0.4,441212.065411,28811.009517,FiberCompositethickness_0.08_Steelthickness_0.4.png,
0.09,0.4,441129.20239,27054.438504,FiberCompositethickness_0.09_Steelthickness_0.4.png,
0.1,0.4,440960.339762,25632.952113,FiberCompositethickness_0.1_Steelthickness_0.4.png,
0.02,0.5,442233.229253,76035.541963,FiberCompositethickness_0.02_Steelthickness_0.5.png,
0.03,0.5,439745.396547,55382.767206,FiberCompositethickness_0.03_Steelthickness_0.5.png,
0.04,0.5,440071.190388,44791.471326,FiberCompositethickness_0.04_Steelthickness_0.5.png,
0.05,0.5,440177.920712,38376.285419,FiberCompositethickness_0.05_Steelthickness_0.5.png,
0.06,0.5,440133.675633,33948.006683,FiberCompositethickness_0.06_Steelthickness_0.5.png,
0.07,0.5,439925.943916,30838.049409,FiberCompositethickness_0.07_Steelthickness_0.5.png,
0.08,0.5,439662.198447,28468.028516,FiberCompositethickness_0.08_Steelthickness_0.5.png,
0.09,0.5,439398.893475,26740.841961,FiberCompositethickness_0.09_Steelthickness_0.5.png,
0.1,0.5,439080.024208,25418.364694,FiberCompositethickness_0.1_Steelthickness_0.5.png,
0.02,0.6,438736.990681,74680.160297,FiberCompositethickness_0.02_Steelthickness_0.6.png,
0.03,0.6,439105.450586,54552.721172,FiberCompositethickness_0.03_Steelthickness_0.6.png,
0.04,0.6,439095.924099,44188.926826,FiberCompositethickness_0.04_Steelthickness_0.6.png,
0.05,0.6,438895.216509,37844.932933,FiberCompositethickness_0.05_Steelthickness_0.6.png,
0.06,0.6,438628.632993,33409.270218,FiberCompositethickness_0.06_Steelthickness_0.6.png,
0.07,0.6,438142.501852,30493.76398,FiberCompositethickness_0.07_Steelthickness_0.6.png,
0.08,0.6,437772.216705,28174.203352,FiberCompositethickness_0.08_Steelthickness_0.6.png,
0.09,0.6,437427.905268,26567.776542,FiberCompositethickness_0.09_Steelthickness_0.6.png,
0.1,0.6,436956.785947,25219.267407,FiberCompositethickness_0.1_Steelthickness_0.6.png,
0.02,0.7,438305.209939,73527.643404,FiberCompositethickness_0.02_Steelthickness_0.7.png,
0.03,0.7,438204.392888,53875.780419,FiberCompositethickness_0.03_Steelthickness_0.7.png,
0.04,0.7,437911.455952,43601.385805,FiberCompositethickness_0.04_Steelthickness_0.7.png,
0.05,0.7,437370.497762,37287.485266,FiberCompositethickness_0.05_Steelthickness_0.7.png,
0.06,0.7,436718.270584,33045.250691,FiberCompositethickness_0.06_Steelthickness_0.7.png,
0.07,0.7,436212.023098,30139.864693,FiberCompositethickness_0.07_Steelthickness_0.7.png,
0.08,0.7,435726.523563,27948.333832,FiberCompositethickness_0.08_Steelthickness_0.7.png,
0.09,0.7,435159.621344,26329.927602,FiberCompositethickness_0.09_Steelthickness_0.7.png,
0.1,0.7,434567.609535,25007.993776,FiberCompositethickness_0.1_Steelthickness_0.7.png,
0.02,0.8,437626.992398,72357.759317,FiberCompositethickness_0.02_Steelthickness_0.8.png,
0.03,0.8,437139.553246,53059.807562,FiberCompositethickness_0.03_Steelthickness_0.8.png,
0.04,0.8,436423.64199,42998.560687,FiberCompositethickness_0.04_Steelthickness_0.8.png,
0.05,0.8,435530.285406,36799.314649,FiberCompositethickness_0.05_Steelthickness_0.8.png,
0.06,0.8,434796.648927,32698.519393,FiberCompositethickness_0.06_Steelthickness_0.8.png,
0.07,0.8,434094.619083,29890.028168,FiberCompositethickness_0.07_Steelthickness_0.8.png,
0.08,0.8,433432.035587,27739.016857,FiberCompositethickness_0.08_Steelthickness_0.8.png,
0.09,0.8,432815.659806,26126.856857,FiberCompositethickness_0.09_Steelthickness_0.8.png,
0.1,0.8,432388.170555,24748.259483,FiberCompositethickness_0.1_Steelthickness_0.8.png,
0.02,0.9,436796.145961,71246.304284,FiberCompositethickness_0.02_Steelthickness_0.9.png,
0.03,0.9,435902.78934,52191.354583,FiberCompositethickness_0.03_Steelthickness_0.9.png,
0.04,0.9,434695.924805,42326.810606,FiberCompositethickness_0.04_Steelthickness_0.9.png,
0.05,0.9,433636.739076,36384.347618,FiberCompositethickness_0.05_Steelthickness_0.9.png,
0.06,0.9,432734.593191,32337.064069,FiberCompositethickness_0.06_Steelthickness_0.9.png,
0.07,0.9,432000.871762,29685.577145,FiberCompositethickness_0.07_Steelthickness_0.9.png,
0.08,0.9,431186.784473,27601.041647,FiberCompositethickness_0.08_Steelthickness_0.9.png,
0.09,0.9,430577.539718,25825.835734,FiberCompositethickness_0.09_Steelthickness_0.9.png,
0.1,0.9,430199.512693,24569.977536,FiberCompositethickness_0.1_Steelthickness_0.9.png,
0.02,1,435879.614275,70123.970285,FiberCompositethickness_0.02_Steelthickness_1.png,
0.03,1,434491.45996,51389.243391,FiberCompositethickness_0.03_Steelthickness_1.png,
0.04,1,432987.498864,41793.277502,FiberCompositethickness_0.04_Steelthickness_1.png,
0.05,1,431667.919472,36012.453031,FiberCompositethickness_0.05_Steelthickness_1.png,
0.06,1,430573.29473,32060.548711,FiberCompositethickness_0.06_Steelthickness_1.png,
0.07,1,429681.290715,29384.370397,FiberCompositethickness_0.07_Steelthickness_1.png,
0.08,1,428905.245766,27237.333855,FiberCompositethickness_0.08_Steelthickness_1.png,
0.09,1,428478.147825,25719.566719,FiberCompositethickness_0.09_Steelthickness_1.png,
0.1,1,428107.365561,24483.774083,FiberCompositethickness_0.1_Steelthickness_1.png,
0.02,0,442781.755821,46366.820957,FiberCompositethickness_0.02_Steelthickness_0.png,
